Year,Month,LicenseNo,PermitDate,ExpireDate,TariffCode,StatisticalCode,Buyer,BuyerCountryCode,BuyerCountryName,Seller,OriginCountryCode,OriginCountryName,BirthplaceCountryCode,BirthplaceCountryName,Vehicle,CustomPortCode,CustomPortName,Weight,WeightUnit,Quantity,QuantityUnit,PricePerUnit,CurrencyCode,CurrencyName,ExchangeRate,TotalPrice,TotalPriceType,CompanyTaxNo,CompanyName
2565,9,WTO-22090073-22090069,21:55.4,00:00.0,17019990,1,NULL,NULL,NULL,Patis France ,BE,BELGIUM,FR,FRANCE,AL DAHNA EXPRESS,2801,??????????????????????????????,0.1,TNE,10,BG,2,EUR,????,36.3918,7241.9682,FOB,1.06E+11,?????????????? (?????????) ?????
2565,8,WTO-22080062-22080061,37:09.4,00:00.0,17019100,2,NULL,NULL,NULL,GARRETT LICENSING LLC SHOPS,US,UNITED STATES,US,UNITED STATES,MSC SHANVI,2801,??????????????????????????????,19.278,TNE,850,BG,24,USD,???????????,36.8662,749720.2598,EX-WORK,1.06E+11,??????  ??????? ?????? (?????????) ?????
2565,9,WTO-22090070-22090067,12:05.3,00:00.0,17019990,1,NULL,NULL,NULL,Patis France ,BE,BELGIUM,FR,FRANCE,AL DAHNA EXPRESS,2801,??????????????????????????????,0.01,TNE,1,BG,2,EUR,????,36.3918,724.1968,FOB,1.06E+11,?????????????? (?????????) ?????
2565,5,WTO-22050029-22050029,01:49.6,00:00.0,17019910,3,NULL,NULL,NULL,MERCK KGaA,DE,GERMANY,DE,GERMANY,QR0836,1190,?????????????????,0.002,TNE,2,C62,1165,THB,???,1,2330.2,CPT,1.06E+11,?????? ?????? ?????
2565,3,WTO-22030015-22030015,43:03.4,00:00.0,17019910,3,NULL,NULL,NULL,MERCK KGaA,DE,GERMANY,DE,GERMANY,QR0836,1190,?????????????????,0.002,TNE,2,C62,1040,THB,???,1,2079.88,CPT,1.06E+11,?????? ?????? ?????
2565,2,WTO-22020004-22020004,37:56.7,00:00.0,17019100,2,NULL,NULL,NULL,"CaramelCrisp LLC, DBA GARRET POPCORN SHOPS (CARAMELCRISP)",US,UNITED STATES,US,UNITED STATES,CMA CGM MEDEA,2801,??????????????????????????????,19.287,TNE,850,BG,27,USD,???????????,33.7477,760884.0811,EX-WORK,1.06E+11,??????  ??????? ?????? (?????????) ?????
2565,2,WTO-22020007-22020007,56:41.0,00:00.0,17019910,3,NULL,NULL,NULL,MERCK KGaA,DE,GERMANY,DE,GERMANY,XJ921,1190,?????????????????,0.004,TNE,4,C62,1183,THB,???,1,4731.56,CPT,1.06E+11,?????? ?????? ?????
2565,2,WTO-22020010-22020010,58:32.4,00:00.0,17019910,3,NULL,NULL,NULL,MERCK KGaA,DE,GERMANY,DE,GERMANY,XJ921,1190,?????????????????,0.008,TNE,8,C62,1183,THB,???,1,9463.12,CPT,1.06E+11,?????? ?????? ?????
2565,2,WTO-22020005-22020005,16:52.8,00:00.0,17019100,1,NULL,NULL,NULL,SWEET HOME CANDIED PRODUCTS SDN BHD,MY,MALAYSIA,MY,MALAYSIA,OSAKA/V.894E,119,?????????????? ???.,5,TNE,250,BG,46,USD,???????????,33.2457,383987.835,CIF,1.05E+11,?????? ??????????? ??? ????????? ?????
2565,3,WTO-22030013-22030013,42:15.4,00:00.0,17019910,3,NULL,NULL,NULL,MERCK KGaA,DE,GERMANY,DE,GERMANY,QR0836,1190,?????????????????,0.008,TNE,8,C62,1040,THB,???,1,8319.52,CPT,1.06E+11,?????? ?????? ?????
2565,5,WTO-22050024-22050024,41:39.2,00:00.0,17011400,3,NULL,NULL,NULL,"INKISM INTERNATIONAL CO.,LTD.",TW,"TAIWAN, PROVINCE OF CHINA",TW,"TAIWAN, PROVINCE OF CHINA",WAN HAI 171 V.S312,119,?????????????? ???.,0.048,TNE,4,CT,35,USD,???????????,33.9219,4769.4191,FOB,1.06E+11,"B SOCIETY CO.,LTD."
2565,7,WTO-22070053-22070051,16:55.4,00:00.0,17019910,2,NULL,NULL,NULL,JELLY BELLY CANDY COMPANAY,US,UNITED STATES,US,UNITED STATES,CMA CGM LOIRE,2801,??????????????????????????????,17.35,TNE,765,5M1,26,USD,???????????,35.5056,708379.3267,FOB,2.16E+11,????? ????? ?????? ??????? (?????????) ?????
2565,5,WTO-22050030-22050030,03:09.2,00:00.0,17019910,3,NULL,NULL,NULL,MERCK KGaA,DE,GERMANY,DE,GERMANY,QR0836,1190,?????????????????,0.001,TNE,1,C62,6444,THB,???,1,6443.83,CPT,1.06E+11,?????? ?????? ?????
2565,6,WTO-22060036-22060035,03:49.9,00:00.0,17019100,2,NULL,NULL,NULL,GARRETT LICENSING LLC SHOPS,US,UNITED STATES,US,UNITED STATES,HENG HUI 2,2801,??????????????????????????????,19.278,TNE,850,BG,24,USD,???????????,34.594,716009.315,EX-WORK,1.06E+11,??????  ??????? ?????? (?????????) ?????
2565,6,WTO-22060041-22060040,44:15.9,00:00.0,17011400,90,NULL,NULL,NULL,PATEL RETAIL PVT LTD,IN,INDIA,IN,INDIA,X-PRESS BARDSEY V.22014E,2801,??????????????????????????????,0.25,TNE,25,CT,16,USD,???????????,34.594,13405.175,CIF,1.06E+11,?????? ???????? ???????? ????? ??????????? ?????
2565,6,WTO-22060045-22060044,55:46.9,00:00.0,17019100,2,NULL,NULL,NULL,GARRETT LICENSING LLC SHOPS,US,UNITED STATES,US,UNITED STATES,CNC MARS,2801,??????????????????????????????,19.278,TNE,850,BG,24,USD,???????????,34.594,691750.2725,EX-WORK,1.06E+11,??????  ??????? ?????? (?????????) ?????
2565,4,WTO-22040023-22040023,43:56.2,00:00.0,17019910,3,NULL,NULL,NULL,MERCK KGaA,DE,GERMANY,DE,GERMANY,XJ921,1190,?????????????????,0.003,TNE,3,C62,1165,THB,???,1,3495.3,CPT,1.06E+11,?????? ?????? ?????
2565,7,WTO-22070051-22070050,16:39.8,00:00.0,17019990,2,NULL,NULL,NULL,SUCRE DISTRIBUTION,FR,FRANCE,FR,FRANCE,TK1822/04,1190,?????????????????,0.25,TNE,250,KGM,1,EUR,????,36.7625,11754.8094,Ex-Work,2.56E+11,?????? ????? ?????? ???????? ????? 
2565,7,WTO-22070052-22070054,01:13.2,00:00.0,17019990,1,NULL,NULL,NULL,Puratos NV,BE,BELGIUM,BE,BELGIUM,ONE EAGLE,2801,??????????????????????????????,0.72,TNE,72,BG,2,EUR,????,37.5713,50044.9716,FOB,1.06E+11,?????????????? (?????????) ?????
2565,5,WTO-22050031-22050031,03:40.2,00:00.0,17019910,3,NULL,NULL,NULL,MERCK KGaA,DE,GERMANY,DE,GERMANY,QR0836,1190,?????????????????,0.006,TNE,6,C62,1165,THB,???,1,6990.6,CPT,1.06E+11,?????? ?????? ?????
2565,6,WTO-22060042-22060041,01:38.0,00:00.0,17011400,90,NULL,NULL,NULL,M/S.SPAZIO EXIM INDIA,IN,INDIA,IN,INDIA,????,2801,??????????????????????????????,0.05,TNE,50,BG,1,USD,???????????,34.594,1798.888,CIF,2.16E+11,?????? ????? ?????? ?????
2565,3,WTO-22030017-22030017,12:05.7,00:00.0,17019910,4,NULL,NULL,NULL,"Advanz Beverage Manufacturing Co., Ltd",MM,MYANMAR,MM,MYANMAR,8K712,1190,?????????????????,0.01,TNE,10,BG,1,USD,???????????,32.3845,476.0522,FOB,1.08E+11,??????? ????? (?????)
2565,5,WTO-22050034-22050034,55:28.6,00:00.0,17019100,1,NULL,NULL,NULL,SWEET HOME CANDIED PRODUCTS SDN BHD,MY,MALAYSIA,MY,MALAYSIA,ASIATIC REUNION V.N008,119,?????????????? ???.,5,TNE,250,BG,46,USD,???????????,33.9219,391797.945,CIF,1.05E+11,?????? ??????????? ??? ????????? ?????
2565,6,WTO-22060047-22060046,16:01.2,00:00.0,17019990,2,NULL,NULL,NULL,SUCRE DISTRIBUTION,FR,FRANCE,FR,FRANCE,TK1822/04,1190,?????????????????,0.25,TNE,10,BG,1,EUR,????,36.7625,11754.8094,Ex-Work,2.56E+11,?????? ????? ?????? ???????? ????? 
2565,6,WTO-22060040-22060039,50:56.1,00:00.0,17019910,4,NULL,NULL,NULL,"NISHIHARA SHOKAI CO., LTD.",JP,JAPAN,JP,JAPAN,WAN HAI 275 S181,2801,??????????????????????????????,0.2,TNE,10,CT,222,JPY,???,0.2723,12090.12,CFR,1.16E+11,???????? ?????? (????????) ?????
2565,1,WTO-22010001-22010002,58:57.6,00:00.0,17019100,1,NULL,NULL,NULL,SWEET HOME CANDIED PRODUCTS SDN BHD,MY,MALAYSIA,MY,MALAYSIA,EVER DAINTY/V163E,119,?????????????? ???.,5,TNE,250,BG,46,USD,???????????,33.7477,389785.935,CIF,1.05E+11,?????? ??????????? ??? ????????? ?????
2565,1,WTO-22010002-22010001,16:01.7,00:00.0,17019990,1,NULL,NULL,NULL,Patis France ,BE,BELGIUM,FR,FRANCE,ONE HUMBER,2801,??????????????????????????????,0.05,TNE,5,BG,2,EUR,????,38.3021,3638.6995,FOB,1.06E+11,?????????????? (?????????) ?????
2565,8,WTO-22080064-22080063,47:52.1,00:00.0,17019910,3,NULL,NULL,NULL,MERCK KGaA,DE,GERMANY,DE,GERMANY,QR0836,1190,?????????????????,0.001,TNE,1,C62,5630,THB,???,1,5630.31,CPT,1.06E+11,?????? ?????? ?????
2565,4,WTO-22030019-22040020,33:34.3,00:00.0,17019910,4,NULL,NULL,NULL,THANH THANH CONG-BIEN HOA JOINT STOCK COMPANY,VN,VIET NAM,VN,VIET NAM,SKY RAINBOW  0004S,2801,??????????????????????????????,20,TNE,20,BG,672,USD,???????????,32.3845,435571.525,CFR,1.06E+11,???????? (????????) ?????
2565,3,WTO-22030020-22030019,21:42.9,00:00.0,17019910,90,JELLY BELLY CANDY COMPANY (THAILAND) LTD.,US,UNITED STATES,JELLY BELLY CANDY COMPANAY,US,UNITED STATES,US,UNITED STATES,BR201,1190,?????????????????,3.0617,TNE,135,5M1,26,USD,???????????,32.3845,114981.1673,EXW,2.16E+11,????? ????? ?????? ??????? (?????????) ?????
2565,4,WTO-22040021-22040021,44:31.7,00:00.0,17019910,3,NULL,NULL,NULL,MERCK KGaA,DE,GERMANY,DE,GERMANY,XJ921,1190,?????????????????,0.004,TNE,4,C62,1165,THB,???,1,4660.4,CPT,1.06E+11,?????? ?????? ?????
2565,9,WTO-22090072-22090070,22:30.2,00:00.0,17019990,1,NULL,NULL,NULL,Patis France ,BE,BELGIUM,FR,FRANCE,AL DAHNA EXPRESS,2801,??????????????????????????????,0.12,TNE,12,BG,2,EUR,????,36.3918,8690.3618,FOB,1.06E+11,?????????????? (?????????) ?????
2565,7,WTO-22070054-22070052,39:10.8,00:00.0,17019910,2,NULL,NULL,NULL,Jelly Belly Candy Co.,US,UNITED STATES,US,UNITED STATES,CMA CGM LOIRE,2801,??????????????????????????????,17.35,TNE,765,5M1,26,USD,???????????,35.5056,708379.3267,FOB,2.16E+11,????? ????? ?????? ??????? (?????????) ?????
2565,3,WTO-22030018-22030018,03:33.6,00:00.0,17019910,3,NULL,NULL,NULL,MERCK KGaA,DE,GERMANY,DE,GERMANY,XJ921,1190,?????????????????,0.012,TNE,12,C62,1689,THB,???,1,20262.12,CPT,1.06E+11,?????? ?????? ?????
2565,3,WTO-22030012-22030012,44:43.4,00:00.0,17019990,1,NULL,NULL,NULL,Patis France ,BE,BELGIUM,FR,FRANCE,HMM GAON,2801,??????????????????????????????,0.35,TNE,35,BG,2,EUR,????,37.9617,25244.5305,FOB,1.06E+11,?????????????? (?????????) ?????
2565,5,WTO-22050032-22050032,17:36.6,00:00.0,17011400,90,NULL,NULL,NULL,PATEL RETAIL PVT LTD,IN,INDIA,IN,INDIA,MOL GENESIS V.115E,2801,??????????????????????????????,2.025,TNE,135,CT,12,USD,???????????,33.9219,56670.7742,CIF,1.06E+11,?????? ???????? ???????? ????? ??????????? ?????
2565,8,WTO-22080063-22080062,53:38.6,00:00.0,17011400,3,NULL,NULL,NULL,"INKISM INTERNATIONAL CO.,LTD.",TW,"TAIWAN, PROVINCE OF CHINA",TW,"TAIWAN, PROVINCE OF CHINA",YM INCEPTIONV.195S,119,?????????????? ???.,0.072,TNE,6,CT,35,USD,???????????,36.8662,7775.0816,FOB,1.06E+11,"B SOCIETY CO.,LTD."
2565,7,WTO-22070057-22070055,13:57.2,00:00.0,17019910,3,NULL,NULL,NULL,MERCK KGaA,DE,GERMANY,DE,GERMANY,LH8086,1190,?????????????????,0.0002,TNE,1,C62,970,THB,???,1,970.29,CPT,1.06E+11,?????? ?????? ?????
2565,3,WTO-22030014-22030014,42:41.8,00:00.0,17019910,3,NULL,NULL,NULL,MERCK KGaA,DE,GERMANY,DE,GERMANY,QR0836,1190,?????????????????,0.008,TNE,8,C62,1040,THB,???,1,8319.52,CPT,1.06E+11,?????? ?????? ?????
2565,5,WTO-22050027-22050028,23:41.6,00:00.0,17019910,90,NULL,NULL,NULL,Duchefa Biochemie B.V.,JP,JAPAN,NL,NETHERLANDS,"TK1952/05,TK0068/08",1190,?????????????????,0.01,TNE,2,BQ,344,EUR,????,36.8427,25347.7776,CFR,7.26E+11,?????? ?????????????? ???????? (???.??.??????) ?????
2565,8,WTO-22080060-22080059,15:16.7,00:00.0,17019990,1,NULL,NULL,NULL,Patis France ,BE,BELGIUM,FR,FRANCE,ONE HAMMERSMITH,2801,??????????????????????????????,0.1,TNE,10,BG,2,EUR,????,37.7215,7506.5785,FOB,1.06E+11,?????????????? (?????????) ?????
2565,7,WTO-22070055-22070056,49:36.4,00:00.0,17011300,0,NULL,NULL,NULL,"YOU HONG FOODS CO.,LTD.",TW,"TAIWAN, PROVINCE OF CHINA",TW,"TAIWAN, PROVINCE OF CHINA",YM INSTRUCTION V. 286S,119,?????????????? ???.,0.75,TNE,50,CT,1110,TWD,??????????????,1.1941,66272.55,CIF,1.06E+11,?????? ????? (?????????) ?????
2565,8,WTO-22080067-22080066,28:36.7,00:00.0,17019910,3,NULL,NULL,NULL,MERCK KGaA,DE,GERMANY,DE,GERMANY,LX0180,1190,?????????????????,0.012,TNE,12,C62,1582,THB,???,1,18982.68,CPT,1.06E+11,?????? ?????? ?????
2565,5,WTO-22050026-22050027,23:06.2,00:00.0,17019910,90,NULL,NULL,NULL,Duchefa Biochemie B.V.,CN,CHINA,NL,NETHERLANDS,"TK1952/05,TK0068/08",1190,?????????????????,0.0002,TNE,1,BQ,51,EUR,????,36.8427,1893.7148,CFR,7.26E+11,?????? ?????????????? ???????? (???.??.??????) ?????
2565,2,WTO-22020011-22020011,58:55.3,00:00.0,17019910,3,NULL,NULL,NULL,MERCK KGaA,DE,GERMANY,DE,GERMANY,XJ921,1190,?????????????????,0.018,TNE,18,C62,1040,THB,???,1,18718.92,CPT,1.06E+11,?????? ?????? ?????
2565,7,WTO-22070056-22070053,30:03.3,00:00.0,17019910,4,NULL,NULL,NULL,TS CORPORATION,KR,"KOREA, REPUBLIC OF",KR,"KOREA, REPUBLIC OF",EVER OWN 0083-007S,2801,??????????????????????????????,80,TNE,80,BG,670,USD,???????????,35.5056,1903100.16,CFR,1.06E+11,???????? (????????) ?????
2565,5,WTO-22050033-22050033,07:03.8,00:00.0,17019990,1,NULL,NULL,NULL,Patis France ,BE,BELGIUM,FR,FRANCE,BARZAN,2801,??????????????????????????????,0.3,TNE,30,BG,2,EUR,????,36.8427,21995.0919,FOB,1.06E+11,?????????????? (?????????) ?????
2565,8,WTO-22070058-22080057,36:23.8,00:00.0,17019910,5,NULL,NULL,NULL,PATEL RETAIL PVT LTD,IN,INDIA,IN,INDIA,BANGKOK BRIDGE V.134E,2801,??????????????????????????????,0.2,TNE,20,CT,9,USD,???????????,35.5056,6248.9856,CIF,1.06E+11,?????? ???????? ???????? ????? ??????????? ?????
2565,6,WTO-22060038-22060037,44:55.1,00:00.0,17019100,2,NULL,NULL,NULL,GARRETT LICENSING LLC SHOPS,US,UNITED STATES,US,UNITED STATES,CAROLINA TRADER,2801,??????????????????????????????,19.278,TNE,850,BG,24,USD,???????????,34.594,707187.845,EX-WORK,1.06E+11,??????  ??????? ?????? (?????????) ?????
2565,2,WTO-22020009-22020009,58:03.3,00:00.0,17019910,3,NULL,NULL,NULL,MERCK KGaA,DE,GERMANY,DE,GERMANY,XJ921,1190,?????????????????,0.008,TNE,8,C62,1183,THB,???,1,9463.12,CPT,1.06E+11,?????? ?????? ?????
2565,4,WTO-22040022-22040022,57:24.7,00:00.0,17019100,1,NULL,NULL,NULL,SWEET HOME CANDIED PRODUCTS SDN BHD,MY,MALAYSIA,MY,MALAYSIA,ASTATIC REUNION N006,119,?????????????? ???.,5,TNE,250,BG,46,USD,???????????,33.6712,388902.36,CIF,1.05E+11,?????? ??????????? ??? ????????? ?????
2565,2,WTO-22020008-22020008,57:39.4,00:00.0,17019910,3,NULL,NULL,NULL,MERCK KGaA,DE,GERMANY,DE,GERMANY,XJ921,1190,?????????????????,0.006,TNE,6,C62,1248,THB,???,1,7487.58,CPT,1.06E+11,?????? ?????? ?????
2565,2,WTO-22020006-22020006,41:46.3,00:00.0,17019100,2,NULL,NULL,NULL,"CaramelCrisp LLC, DBA GARRET POPCORN SHOPS (CARAMELCRISP)",US,UNITED STATES,US,UNITED STATES,EVER CHASTE,2801,??????????????????????????????,19.278,TNE,850,BG,25,USD,???????????,33.2457,707884.0673,EX-WORK,1.06E+11,??????  ??????? ?????? (?????????) ?????
2565,1,WTO-22010003-22010003,02:22.7,00:00.0,17019910,3,NULL,NULL,NULL,MERCK KGaA,DE,GERMANY,DE,GERMANY,LH8086,1190,?????????????????,0.001,TNE,1,C62,6632,THB,???,1,6631.63,CPT,1.06E+11,?????? ?????? ?????
2565,6,WTO-22060039-22060038,22:55.7,00:00.0,17019910,3,NULL,NULL,NULL,MERCK KGaA,DE,GERMANY,DE,GERMANY,TG927,1190,?????????????????,0.006,TNE,6,C62,969,THB,???,1,5812.08,CPT,1.06E+11,?????? ?????? ?????
2565,7,WTO-22070048-22070047,21:49.4,00:00.0,17019910,3,NULL,NULL,NULL,MERCK KGaA,DE,GERMANY,DE,GERMANY,TG921,1190,?????????????????,0.007,TNE,7,C62,969,THB,???,1,6780.76,CPT,1.06E+11,?????? ?????? ?????
2565,3,WTO-22030016-22030016,09:15.7,00:00.0,17019100,1,NULL,NULL,NULL,SWEET HOME CANDIED PRODUCTS SDN BHD,MY,MALAYSIA,MY,MALAYSIA,SSL BRAHMAPUTRA V.891E,119,?????????????? ???.,5,TNE,250,BG,46,USD,???????????,32.3845,374040.975,CIF,1.05E+11,?????? ??????????? ??? ????????? ?????
2565,8,WTO-22080065-22080064,50:29.7,00:00.0,17019910,3,NULL,NULL,NULL,MERCK KGaA,DE,GERMANY,DE,GERMANY,QR0836,1190,?????????????????,0.001,TNE,1,C62,969,THB,???,1,968.68,CPT,1.06E+11,?????? ?????? ?????
2565,8,WTO-22080059-22080058,56:18.2,00:00.0,17011400,4,NULL,NULL,NULL,Sugar Australia PTY Limited,AU,AUSTRALIA,AU,AUSTRALIA,KOTA LAMBAI 15ON,2801,??????????????????????????????,40,TNE,40,BG,842,USD,???????????,36.8662,1241653.616,CFR,1.06E+11,???????? (????????) ?????
2565,5,WTO-22050028-22050026,54:55.8,00:00.0,17011300,0,NULL,NULL,NULL,"TEXTURE MAKER ENTERPRISE CO., LTD",TW,"TAIWAN, PROVINCE OF CHINA",TW,"TAIWAN, PROVINCE OF CHINA",SABRE TRADER V.B33S,119,?????????????? ???.,15.425,TNE,617,CT,2,USD,???????????,33.9219,784867.9613,CIF,1.06E+11,?????? ????????? ???? ??????????? ?????
2565,6,WTO-22060044-22060043,25:23.1,00:00.0,17019910,3,NULL,NULL,NULL,MERCK KGaA,DE,GERMANY,DE,GERMANY,TG921,1190,?????????????????,0.006,TNE,6,C62,969,THB,???,1,5812.08,CPT,1.06E+11,?????? ?????? ?????
2565,8,WTO-22080066-22080065,28:05.2,00:00.0,17019910,3,NULL,NULL,NULL,MERCK KGaA,DE,GERMANY,DE,GERMANY,LX0180,1190,?????????????????,0.001,TNE,1,C62,969,THB,???,1,968.68,CPT,1.06E+11,?????? ?????? ?????
2565,6,WTO-22060037-22060036,56:36.1,00:00.0,17019990,1,NULL,NULL,NULL,Patis France ,BE,BELGIUM,FR,FRANCE,ONE HUMBER,2801,??????????????????????????????,0.2,TNE,20,BG,2,EUR,????,36.7625,14631.475,FOB,1.06E+11,?????????????? (?????????) ?????
2565,6,WTO-22060043-22060042,24:49.0,00:00.0,17019910,3,NULL,NULL,NULL,MERCK KGaA,DE,GERMANY,DE,GERMANY,TG921,1190,?????????????????,0.005,TNE,1,C62,2428,THB,???,1,2427.72,CPT,1.06E+11,?????? ?????? ?????
2566,11,WTO-23110124-23110121,24:20.9,24:20.9,17019910,4,NULL,NULL,NULL,"NISHIHARA SHOKAI CO., LTD.",JP,JAPAN,JP,JAPAN,WAN HAI 177 V.S025,2801,??????????????????????????????,0.6,TNE,30,CT,262,JPY,???,0.246236,38708.3,CFR,1.16E+11,???????? ?????? (????????) ?????
2566,12,WTO-23120142-23120139,11:30.8,00:00.0,17019100,2,NULL,NULL,NULL,CARAMELCRISP PTE. LTD.,SG,SINGAPORE,US,U.S.A.,INESSA V.039N,513,???????? ?.?????-???? ????? (???.),6.93,TNE,300,BG,39,SGD,???????????????,26.5117,312016.2,EX-WORKS,1.06E+11,?????? ????????????? (?????????) ?????
2566,2,WTO-23010009-23010008,14:54.6,14:54.6,17019990,2,NULL,NULL,NULL,4WD VISION EUROPE B.V.,NL,NETHERLANDS,PY,PARAGUAY,?YM WISDOM (013E),2801,??????????????????????????????,1.55,TNE,1550,KGM,3,EUR,????,37.3611,198630.29,CFR,1.08E+11,?????? ??? ????? ?? ????????????????? ????????????? ????? (?????)
2565,10,WTO-22100012-22100012,18:22.4,18:22.4,17019100,1,NULL,NULL,NULL,SWEET HOME CANDIED PRODUCTS SDN BHD,MY,MALAYSIA,MY,MALAYSIA,ASIATIC BAY V.N079,250,????????,5,TNE,250,BG,46,USD,???????????,37.2338,430050.39,CIF,1.05E+11,??????????? ??? ????????? ?????
2566,3,WTO-23030023-23030022,22:29.0,22:29.0,17019910,4,NULL,NULL,NULL,"SHORAI CO.,LTD.",JP,JAPAN,JP,JAPAN,WAN HAI 271,122,TERMINAL 2 (???.),2,TNE,100,CT,4400,JPY,???,0.260146,114464.24,CIF,1.06E+11,?.????-??? ??????? ??????? ?????
2566,10,WTO-23100104-23100101,51:36.5,51:36.5,17019910,4,NULL,NULL,NULL,"NISHIHARA SHOKAI CO., LTD.",JP,JAPAN,JP,JAPAN,WAN HAI 171 V.S330,2801,??????????????????????????????,0.2,TNE,10,CT,262,JPY,???,0.246521,12917.7,CFR,1.16E+11,???????? ?????? (????????) ?????
2566,12,WTO-23120135-23120133,43:10.4,00:00.0,17019910,3,NULL,NULL,NULL,Sigma Aldrich Chemie GmbH,DE,GERMANY,CH,SWITZERLAND,OS025,1190,?????????????????,0.0005,TNE,1,C62,2501,THB,???,1,2500.88,EXW,1.06E+11,?????? ?????? ?????
2565,11,NOJTP-22110001-22110001,28:05.9,28:05.9,17011300,0,?????? ??????? ?? ?????,NULL,NULL,AND ONE LLC.,JP,JAPAN,JP,JAPAN,JL031,1190,?????????????????,0.2,TNE,200,KGM,600,JPY,???,0.261751,31410.12,CFR,1.06E+11,?????? ??????? ?? ?????
2566,5,WTO-23050052-23050050,55:29.2,55:29.2,17019990,90,"BAKEHOUSE CO.,LTD.",NULL,NULL,SAS PANACHAT,BE,BELGIUM,NL,NETHERLANDS,YM WREATH,110,????????????????????(?.???????) ???.,0.042,TNE,12,CT,8,EUR,????,37.5693,3776.62,EX-WORK,1.06E+11,?????? ???????? ?????
2566,9,WTO-23090101-23090099,03:32.6,03:32.6,17019100,2,MCCORMICK (THAILAND) LTD,NULL,NULL,"McCormick & Co., Incorporated",US,U.S.A.,US,U.S.A.,????,2801,??????????????????????????????,0.0783,TNE,78.3,KGM,5,USD,???????????,35.2945,13372.5,C&F,1.06E+11,?????? ??????????? (?????????) ?????
2565,9,WTO-22090010-22090010,07:13.4,07:13.4,17019910,3,NULL,NULL,NULL,Merck KGaA,DE,GERMANY,DE,GERMANY,LX0180,1190,?????????????????????,0.006,TNE,6,C62,1162,THB,???,1,6974.52,CPT,1.06E+11,?????? ?????? ?????
2566,11,WTO-23110121-23110118,02:26.2,02:26.2,17019910,3,NULL,NULL,NULL,Merck Life Science KGaA,DE,GERMANY,DE,GERMANY,WY817,1190,?????????????????,0.00025,TNE,1,C62,1407,THB,???,1,1406.52,CPT,1.06E+11,?????? ?????? ?????
2565,10,WTO-22100017-22100020,20:52.4,20:52.4,17019910,3,NULL,NULL,NULL,Merck KGaA,DE,GERMANY,DE,GERMANY,TG927,1190,?????????????????????,0.002,TNE,2,C62,1162,THB,???,1,2324.84,CPT,1.06E+11,?????? ?????? ?????
2565,12,WTO-22120033-22120032,58:03.3,00:00.0,17019990,1,NULL,NULL,NULL,Patisfrance,FR,FRANCE,BE,BELGIUM,ONE HAMMERSMITH,2811,????????.LAEM CHABANG CONTAINER (???.),0.12,TNE,12,BG,2,EUR,????,37.5334,10043.94,FOB,1.06E+11,?????? ????????(?????????) ?????
2566,8,WTO-23080082-23080079,41:57.5,41:57.5,17019910,3,NULL,NULL,NULL,Sigma Aldrich Chemie GmbH,DE,GERMANY,US,U.S.A.,LH8088,1190,?????????????????,1.00E-06,TNE,1,C62,586,THB,???,1,585.51,EXW,1.06E+11,?????? ?????? ?????
2566,8,WTO-23080080-23080081,43:20.3,43:20.3,17019910,3,NULL,NULL,NULL,Sigma Aldrich Chemie GmbH,DE,GERMANY,CH,SWITZERLAND,LH8088,1190,?????????????????,0.001,TNE,1,C62,247,THB,???,1,246.92,EXW,1.06E+11,?????? ?????? ?????
2566,3,WTO-23030035-23030035,29:07.0,29:07.0,17019910,3,NULL,NULL,NULL,Merck Life Science KGaA,DE,GERMANY,DE,GERMANY,LX180,1190,?????????????????,0.003,TNE,3,C62,1026,THB,???,1,3077.85,CPT,1.06E+11,?????? ?????? ?????
2566,6,WTO-23060058-23060056,25:16.6,25:16.6,17019910,3,NULL,NULL,NULL,Sigma Aldrich Chemie GmbH,DE,GERMANY,CH,SWITZERLAND,LH8084,1190,?????????????????,0.0005,TNE,1,C62,683,THB,???,1,682.57,EXW,1.06E+11,?????? ?????? ?????
2566,2,WTO-23020021-23020020,48:23.3,48:23.3,17019910,3,NULL,NULL,NULL,Merck Life Science KGaA,DE,GERMANY,DE,GERMANY,LH8086,1190,?????????????????,0.003,TNE,3,C62,1026,THB,???,1,3077.85,CPT,1.06E+11,?????? ?????? ?????
2566,2,WTO-23020016-23020015,08:31.8,08:31.8,17019100,1,NULL,NULL,NULL,SWEET HOME CANDIED PRODUCTS SDN BHD,MY,MALAYSIA,MY,MALAYSIA,ASIATIC BAY V.N093,119,?????????????? ???.,5,TNE,250,BG,46,USD,???????????,33.0539,381772.55,CIF,1.05E+11,??????????? ??? ????????? ?????
2566,9,WTO-23090096-23090094,25:57.0,25:57.0,17011400,4,NULL,NULL,NULL,SUGAR AUSTRALIA PTY LIMITED,AU,AUSTRALIA,AU,AUSTRALIA,KOTA LARIS 072N,2801,??????????????????????????????,19,TNE,19,BG,944,USD,???????????,35.2945,633042.15,CFR,1.06E+11,???????? (????????) ????? 
2566,4,WTO-23040042-23040040,49:30.4,49:30.4,17019910,4,NULL,NULL,NULL,"NISHIHARA SHOKAI CO., LTD.",JP,JAPAN,JP,JAPAN,WAN HAI 178 V.S012,2801,??????????????????????????????,0.2,TNE,10,CT,242,JPY,???,0.262863,12722.57,CFR,1.16E+11,???????? ?????? (????????) ?????
2566,3,WTO-23030024-23030021,11:27.5,11:27.5,17019100,2,NULL,NULL,NULL,"SHORAI CO.,LTD.",JP,JAPAN,JP,JAPAN,WAN HAI 271,122,TERMINAL 2 (???.),0.4,TNE,20,CT,5932,JPY,???,0.260146,30863.72,CIF,1.06E+11,?.????-??? ??????? ??????? ?????
2566,9,WTO-23090095-23090093,40:47.2,40:47.2,17019910,4,NULL,NULL,NULL,"NISHIHARA SHOKAI CO., LTD.",JP,JAPAN,JP,JAPAN,TOKYO TOWER V.S032,2801,??????????????????????????????,0.2,TNE,10,CT,249,JPY,???,0.244912,12196.62,CFR,1.16E+11,???????? ?????? (????????) ?????
2566,6,WTO-23060057-23060055,12:16.5,12:16.5,17019910,1,THAI YAMAZAKI,NULL,NULL,Couplet Sugars SA,BE,BELGIUM,BE,BELGIUM,ONE MANCHESTER (035E),2801,??????????????????????????????,9,TNE,900,BG,2,EUR,????,37.5693,534235.45,CIF,1.06E+11,?????? ??? ???????? ?????
2566,9,WTO-23090094-23090092,44:39.2,44:39.2,17019910,2,NULL,NULL,NULL,JELLY BELLY CANDY COMPANY,US,U.S.A.,US,U.S.A.,LEO PERDANA V.0LK63S1NC,2820,???????????? ?? 3 ??????????????? (???.),5.102967,TNE,225,BG,32,USD,???????????,35.2945,256502.78,FOB,2.16E+11,?????? ????? ????? ?????? ??????? (?????????) ?????
2566,10,WTO-23100109-23100106,55:43.7,55:43.7,17011300,0,NULL,NULL,NULL,PRV ENTERPRISES ,IN,INDIA,IN,INDIA,CCNI ANGOL,2801,??????????????????????????????,0.0318,TNE,31.8,KGM,2,USD,???????????,36.0952,1882.44,C&F,2.16E+11,?????? ????? ?????? ?????
2566,3,WTO-23030029-23030029,53:44.9,53:44.9,17019910,4,NULL,NULL,NULL,"NISHIHARA SHOKAI CO., LTD.",JP,JAPAN,JP,JAPAN,CAPE FELTON V.S033,2801,??????????????????????????????,0.2,TNE,10,CT,236,JPY,???,0.260146,12278.89,CFR,1.16E+11,???????? ?????? (????????) ?????
2566,5,WTO-23050051-23050049,51:01.2,51:01.2,17019910,4,NULL,NULL,NULL,"SHORAI CO.,LTD.",JP,JAPAN,JP,JAPAN,WAN HAI 277,122,TERMINAL 2 (???.),1,TNE,50,CT,4400,JPY,???,0.259753,57145.66,CIF,1.06E+11,?.????-??? ??????? ??????? ?????
2566,6,WTO-23060060-23060058,15:04.5,15:04.5,17019910,4,NULL,NULL,NULL,"NISHIHARA SHOKAI CO., LTD.",JP,JAPAN,JP,JAPAN,WANHAI 178 V.S016,2801,??????????????????????????????,0.013,TNE,1,CT,249,JPY,???,0.249398,807.3,CFR,1.16E+11,???????? ?????? (????????) ?????
2566,11,WTO-23110122-23110120,33:45.1,33:45.1,17019100,2,NULL,NULL,NULL,"SHORAI CO.,LTD.",JP,JAPAN,JP,JAPAN,WAN HAI 272,122,TERMINAL 2 (???.),0.2,TNE,10,CT,6429,JPY,???,0.246236,15830.51,CIF,1.06E+11,?.????-??? ??????? ??????? ?????
2566,8,WTO-23080087-23080085,35:20.9,35:20.9,17019910,4,NULL,NULL,NULL,"SHORAI CO.,LTD.",JP,JAPAN,JP,JAPAN,WAN HAI 277,122,TERMINAL 2 (???.),1,TNE,50,CT,5175,JPY,???,0.24824,64232.1,CIF,1.06E+11,?.????-??? ??????? ??????? ?????
2565,12,WTO-22120041-22120041,42:46.9,00:00.0,17011300,0,NULL,NULL,NULL,"YOU HONG FOODS CO.,LTD.",TW,TAIWAN,TW,TAIWAN,WAN HAI 272 V.S174,119,?????????????? ???.,0.9,TNE,60,CT,36,USD,???????????,36.1751,78442.09,FOB,1.06E+11,?????? ????? (?????????) ?????
2566,2,WTO-23020011-23020010,10:16.1,10:16.1,17019100,2,NULL,NULL,NULL,GARRETT LICENSING LLC SHOPS,US,U.S.A.,US,U.S.A.,XIN WU HAN,2801,??????????????????????????????,19.278,TNE,850,BG,24,USD,???????????,34.9984,720512.06,EX-WORKS,1.06E+11,?????? ????????????? (?????????) ?????
2567,1,WTO-24010002-24010002,07:26.3,07:26.3,17019990,1,NULL,NULL,NULL,PURATOS NV,BE,BELGIUM,BE,BELGIUM,ONE MILANO,2801,??????????????????????????????,0.15,TNE,15,BG,3,EUR,????,38.5637,19204.72,CIF,1.06E+11,?????? ????????(?????????) ?????
2566,10,WTO-23100115-23100111,25:09.5,25:09.5,17019910,3,NULL,NULL,NULL,Sigma Aldrich Chemie GmbH,DE,GERMANY,CH,SWITZERLAND,TK058,1190,?????????????????,0.001,TNE,4,C62,494,THB,???,1,1975.4,EXW,1.06E+11,?????? ?????? ?????
2566,10,WTO-23100113-23100110,21:19.6,21:19.6,17019910,3,NULL,NULL,NULL,Merck Life Science KGaA,DE,GERMANY,DE,GERMANY,WY815,1190,?????????????????,0.03,TNE,30,C62,1446,THB,???,1,43367.1,CPT,1.06E+11,?????? ?????? ?????
2566,6,WTO-23060055-23060054,27:53.0,27:53.0,17019910,3,NULL,NULL,NULL,Sigma Aldrich Chemie GmbH,DE,GERMANY,CH,SWITZERLAND,OS0025,1190,?????????????????,0.001,TNE,1,C62,1498,THB,???,1,1497.78,EXW,1.06E+11,?????? ?????? ?????
2565,12,WTO-22120037-22120037,22:42.1,00:00.0,17019910,2,NULL,NULL,NULL,JELLY BELLY CANDY COMPANY,US,U.S.A.,US,U.S.A.,YM WINNER V.037E,2801,??????????????????????????????,17.350086,TNE,765,BG,26,USD,???????????,36.1751,721459.92,FOB,2.16E+11,?????? ????? ????? ?????? ??????? (?????????) ?????
2566,9,WTO-23090099-23090095,55:46.0,55:46.0,17019910,3,NULL,NULL,NULL,Sigma Aldrich Chemie GmbH,DE,GERMANY,CH,SWITZERLAND,TK068,1190,?????????????????,2.50E-05,TNE,1,C62,128,THB,???,1,127.51,EXW,1.06E+11,?????? ?????? ?????
2566,4,WTO-23040041-23040038,00:34.9,00:34.9,17011400,90,NULL,NULL,NULL,PATEL RETAIL PVT LTD,IN,INDIA,IN,INDIA,M.V.APOLLON D V.02313W,2801,??????????????????????????????,2.025,TNE,135,CT,0,USD,???????????,34.377,1717.13,CIF,1.06E+11,?????? ???????? ???????? ????? ??????????? ?????
2566,7,WTO-23070068-23070064,35:37.0,35:37.0,17019100,2,NULL,NULL,NULL,GARRETT LICENSING LLC SHOPS,US,U.S.A.,US,U.S.A.,YM WELCOME / VOY 003S,2801,??????????????????????????????,19.278,TNE,850,BG,27,USD,???????????,34.9423,787966.34,EX-WORKS,1.06E+11,?????? ????????????? (?????????) ?????
2566,1,WTO-23010001-23010001,46:20.4,46:20.4,17019990,1,NULL,NULL,NULL,"SHORAI CO.,LTD.",JP,JAPAN,JP,JAPAN,ACX PEARL 232S,2801,??????????????????????????????,0.2,TNE,10,CT,5513,JPY,???,0.26277,14486.51,CFR,1.06E+11,?????? ?????? ???????? ?????? ?????
2565,10,WTO-22100022-22100021,01:44.3,01:44.3,17019100,2,NULL,NULL,NULL,GARRETT LICENSING LLC SHOPS,US,U.S.A.,US,U.S.A.,MSC YANG R,2801,???????????????,19.278,TNE,850,BG,24,USD,???????????,37.2338,766532.24,EX-WORKS,1.06E+11,?????? ????????????? (?????????) ?????
2565,11,WTO-22110026-22110026,24:49.6,24:49.6,17019990,2,"Paris Bangkok Bakery Co., Ltd",NULL,NULL,Sucre' Distribution,FR,FRANCE,FR,FRANCE,YM WISDOM/0012E,2801,???????????????,0.9,TNE,900,KGM,1,EUR,????,37.2842,42917.84,Ex-Work,2.56E+11,?????? ????? ?????? ???????? ?????
2565,11,WTO-22110030-22110030,45:29.5,45:29.5,17019910,1,THAI YAMAZAKI,NULL,NULL,COUPLET SUGAR SA,BE,BELGIUM,BE,BELGIUM,ONE IBIS (026E),2801,??????????????????????????????,9,TNE,900,BG,2,EUR,????,37.8035,537565.77,CIF,1.06E+11,?????? ??? ???????? ?????
2566,10,WTO-23100103-23100100,31:21.2,31:21.2,17019910,3,NULL,NULL,NULL,Sigma Aldrich Chemie GmbH,DE,GERMANY,US,U.S.A.,TK068,1190,?????????????????,2.00E-06,TNE,2,C62,586,THB,???,1,1171.02,EXW,1.06E+11,?????? ?????? ?????
2567,1,WTO-24010004-24010007,19:10.9,19:10.9,17019910,3,NULL,NULL,NULL,Sigma Aldrich Chemie GmbH,DE,GERMANY,CH,SWITZERLAND,LH8020,1190,?????????????????,0.00025,TNE,1,C62,1506,THB,???,1,1505.59,EXW,1.06E+11,?????? ?????? ?????
2565,9,WTO-22090005-22090006,28:51.2,28:51.2,17019910,3,NULL,NULL,NULL,Merck KGaA,DE,GERMANY,DE,GERMANY,TG927,1190,?????????????????????,0.001,TNE,1,C62,1162,THB,???,1,1162.42,CPT,1.06E+11,?????? ?????? ?????
2566,4,WTO-23040043-23040041,15:48.2,15:48.2,17019100,2,NULL,NULL,NULL,GARRETT LICENSING LLC SHOPS,US,U.S.A.,US,U.S.A.,ST SUCCESS,2801,??????????????????????????????,19.277,TNE,850,BG,30,USD,???????????,34.377,871353.82,EX-WORKS,1.06E+11,?????? ????????????? (?????????) ?????
2566,2,WTO-23020015-23020013,10:27.5,10:27.5,17019910,3,NULL,NULL,NULL,Merck Life Science KGaA,DE,GERMANY,DE,GERMANY,TG921,1190,?????????????????,0.002,TNE,2,C62,998,THB,???,1,1995.86,CPT,1.06E+11,?????? ?????? ?????
2565,12,WTO-22110032-22110034,37:57.3,00:00.0,17019990,90,NULL,NULL,NULL,GREENTECH S.A.,FR,FRANCE,FR,FRANCE,FX6159,1190,?????????????????,4.00E-05,TNE,2,BG,0,USD,???????????,38.3565,3.84,FOB,1.06E+11,?????? ?????? (?????????) ?????
2566,12,WTO-23120138-23120135,09:29.1,00:00.0,17019910,3,NULL,NULL,NULL,Sigma Aldrich Chemie GmbH,DE,GERMANY,DE,GERMANY,OS025,1190,?????????????????,0.0001,TNE,1,C62,2474,THB,???,1,2473.7,EXW,1.06E+11,?????? ?????? ?????
2566,10,WTO-23100111-23100108,59:40.8,59:40.8,17019990,3,?????? ????????-?????????? ???????? ?????,NULL,NULL,TEREOS,FR,FRANCE,BE,BELGIUM,ONE HAMBURG/076E,2801,??????????????????????????????,2.7,TNE,2700,KGM,2,EUR,????,38.6608,237473.96,FCA,1.06E+11,????????-?????????? ????????  ?????
2565,9,WTO-22090011-22090011,30:45.3,30:45.3,17019100,2,NULL,NULL,NULL,GARRETT LICENSING LLC SHOPS,US,U.S.A.,US,U.S.A.,GUANGZHOU TRADER,2801,???????????????,19.278,TNE,850,BG,24,USD,???????????,36.0746,733622.08,EX-WORKS,1.06E+11,?????? ????????????? (?????????) ?????
2566,11,WTO-23110117-23110114,08:00.9,08:00.9,17019910,4,NULL,NULL,NULL,"NISHIHARA SHOKAI CO., LTD.",JP,JAPAN,JP,JAPAN,WAN HAI 178 V.S020,2801,??????????????????????????????,0.2,TNE,10,CT,262,JPY,???,0.246236,12902.77,CFR,1.16E+11,???????? ?????? (????????) ?????
2565,9,WTO-22090009-22090009,22:13.0,22:13.0,17011400,3,"EBISU FOODS CO.,LTD.",NULL,NULL,"SANKYU FOOD CO.,LTD.",JP,JAPAN,JP,JAPAN,YM INCEPTION,300,???.???????? ????????? (FEDI),0.08,TNE,400,PK,55,JPY,???,0.2669,5871.8,FOB,1.06E+11,?????? ?????? ?????
2566,8,WTO-23080072-23080069,05:56.6,05:56.6,17019990,1,NULL,NULL,NULL,PURATOS NV,BE,BELGIUM,BE,BELGIUM,ONE IBIS,2801,??????????????????????????????,0.25,TNE,25,BG,3,EUR,????,38.6319,31388.42,CIF,1.06E+11,?????? ????????(?????????) ?????
2567,2,WTO-24020009-24020010,19:03.7,19:03.7,17019910,3,NULL,NULL,NULL,Sigma Aldrich Chemie GmbH,DE,GERMANY,CH,SWITZERLAND,LH8020,1190,?????????????????,0.002,TNE,2,C62,283,THB,???,1,565.74,EXW,1.06E+11,?????? ?????? ?????
2566,11,WTO-23110126-23110123,10:05.4,10:05.4,17019990,1,NULL,NULL,NULL,PURATOS NV,BE,BELGIUM,BE,BELGIUM,ONE MEISHAN,2801,??????????????????????????????,0.15,TNE,15,BG,3,EUR,????,38.8401,19284.11,CIF,1.06E+11,?????? ????????(?????????) ?????
2566,2,WTO-23020019-23020017,21:18.6,21:18.6,17011400,3,?????? ?????? ?????,NULL,NULL,SANKYU FOOD CO LTD.,JP,JAPAN,JP,JAPAN,YM INCEPTION,300,???.???????? ????????? (FEDI),0.08,TNE,400,PK,70,JPY,???,0.2581,7226.8,FOB,1.06E+11,?????? ?????? ?????
2566,3,WTO-23030038-23030036,34:49.4,34:49.4,17019990,1,NULL,NULL,NULL,PURATOS NV,BE,BELGIUM,BE,BELGIUM,ONE CYGNUS,2801,??????????????????????????????,0.25,TNE,25,BG,3,EUR,????,37.0786,30126.36,CIF,1.06E+11,?????? ????????(?????????) ?????
2566,3,WTO-23030039-23030037,32:41.4,32:41.4,17019990,2,"Paris Bangkok Bakery Co., Ltd",NULL,NULL,Sucre' Distribution,FR,FRANCE,FR,FRANCE,YM WELLNESS,2821,?????????????? 2 ??????????????? (???.),0.9,TNE,900,KGM,2,EUR,????,37.4705,64411.79,EXW,2.56E+11,?????? ????? ?????? ???????? ?????
2566,12,WTO-23120137-23120134,24:57.7,00:00.0,17011400,3,NULL,NULL,NULL,SANKYU FOOD CO LTD.,JP,JAPAN,JP,JAPAN,YM INITIATIVE,300,???.???????? ????????? (FEDI),0.08,TNE,400,PK,55,JPY,???,0.239481,5268.58,C&F,1.06E+11,?????? ?????? ?????
2566,8,WTO-23080085-23080083,53:33.5,53:33.5,17019910,4,NULL,NULL,NULL,"NISHIHARA SHOKAI CO., LTD.",JP,JAPAN,JP,JAPAN,WAN HAI 278 V.S014,2801,??????????????????????????????,0.2,TNE,10,CT,249,JPY,???,0.24824,12362.35,CFR,1.16E+11,???????? ?????? (????????) ?????
2565,11,WTO-22110031-22110031,23:45.9,23:45.9,17019910,3,NULL,NULL,NULL,Merck KGaA,DE,GERMANY,DE,GERMANY,LH772,1190,?????????????????,0.006,TNE,6,C62,998,THB,???,1,5987.58,CPT,1.06E+11,?????? ?????? ?????
2565,10,WTO-22100015-22100016,51:38.2,51:38.2,17019910,4,NULL,NULL,NULL,"SHORAI CO.,LTD.",JP,JAPAN,JP,JAPAN,WAN HAI 271,250,????????,1,TNE,50,CT,4400,JPY,???,0.2618,57585.22,CIF,1.06E+11,?.????-??? ??????? ??????? ?????
2566,8,WTO-23080081-23080080,42:40.9,42:40.9,17019910,3,NULL,NULL,NULL,Sigma Aldrich Chemie GmbH,DE,GERMANY,CH,SWITZERLAND,LH8088,1190,?????????????????,0.0015,TNE,6,C62,494,THB,???,1,2963.1,EXW,1.06E+11,?????? ?????? ?????
2565,12,WTO-22120034-22120033,14:59.4,00:00.0,17011400,4,NULL,NULL,NULL,"NISHIHARA SHOKAI CO., LTD.",JP,JAPAN,JP,JAPAN,WAN HAI 225 V.S418,2801,??????????????????????????????,0.2,TNE,200,KGM,236,JPY,???,0.259813,12263.17,CFR,1.16E+11,???????? ?????? (????????) ?????
2566,11,JTP-23110002-23110002,15:22.1,15:22.1,17011200,0,NULL,NULL,NULL,"Aomori Trading Co., Ltd.",JP,JAPAN,JP,JAPAN,ACX CRYSTAL 285S,111,???????????? ??.10(?.????????) ???.,0.48,TNE,24,BG,6600,JPY,???,0.246236,39003.78,C&F,1.06E+11,?????? ?????? ????? ?????
2566,3,WTO-23030037-23030034,24:46.3,24:46.3,17019910,3,NULL,NULL,NULL,Merck Life Science KGaA,DE,GERMANY,DE,GERMANY,LX180,1190,?????????????????,0.002,TNE,2,C62,1026,THB,???,1,2051.9,CPT,1.06E+11,?????? ?????? ?????
2566,9,WTO-23090090-23090086,40:15.4,40:15.4,17019910,3,NULL,NULL,NULL,Sigma Aldrich Chemie GmbH,DE,GERMANY,CH,SWITZERLAND,TK1588,1190,?????????????????,0.001,TNE,4,C62,1882,THB,???,1,7527.96,EXW,1.06E+11,?????? ?????? ?????
2566,8,WTO-23080075-23080071,18:46.1,18:46.1,17019910,3,NULL,NULL,NULL,Sigma Aldrich Chemie GmbH,DE,GERMANY,CH,SWITZERLAND,LH8088,1190,?????????????????,0.00025,TNE,1,C62,494,THB,???,1,493.85,EXW,1.06E+11,?????? ?????? ?????
2566,12,WTO-23120139-23120136,10:31.3,00:00.0,17011400,3,NULL,NULL,NULL,"INKISM INTERNATIONAL CO., LTD",TW,TAIWAN,TW,TAIWAN,WAN HAI 273 V.S206,119,?????????????? ???.,0.06,TNE,5,CT,35,USD,???????????,35.3284,6208.97,FOB,1.06E+11,?????? ?? ??????? ?????
2566,11,WTO-23110131-23110129,57:40.4,57:40.4,17019910,3,NULL,NULL,NULL,Sigma Aldrich Chemie GmbH,DE,GERMANY,CH,SWITZERLAND,LH8020,1190,?????????????????,0.0025,TNE,10,C62,916,THB,???,1,9158.7,EXW,1.06E+11,?????? ?????? ?????
2565,9,WTO-22090006-22090006,30:15.0,30:15.0,17019910,3,NULL,NULL,NULL,Merck KGaA,DE,GERMANY,DE,GERMANY,TG927,1190,?????????????????????,0.002,TNE,2,C62,1162,THB,???,1,2324.84,CPT,1.06E+11,?????? ?????? ?????
2566,6,WTO-23060054-23060052,21:04.8,21:04.8,17019990,1,NULL,NULL,NULL,PURATOS NV,BE,BELGIUM,BE,BELGIUM,YM WINNER,2801,??????????????????????????????,0.2,TNE,20,BG,3,EUR,????,37.5693,24420.05,CIF,1.06E+11,?????? ????????(?????????) ?????
2566,5,WTO-23050048-23050046,52:07.1,52:07.1,17019990,1,NULL,NULL,NULL,PURATOS NV,BE,BELGIUM,BE,BELGIUM,ONE IBIS,2801,??????????????????????????????,0.72,TNE,72,BG,2,EUR,????,38.0375,61073.01,CIF,1.06E+11,?????? ????????(?????????) ?????
2566,12,WTO-23120134-23120132,42:28.6,00:00.0,17019910,3,NULL,NULL,NULL,Sigma Aldrich Chemie GmbH,DE,GERMANY,US,U.S.A.,OS025,1190,?????????????????,2.00E-06,TNE,2,C62,1086,THB,???,1,2171.7,EXW,1.06E+11,?????? ?????? ?????
2566,10,WTO-23100114-23100113,08:50.4,08:50.4,17019990,1,NULL,NULL,NULL,PURATOS NV,BE,BELGIUM,BE,BELGIUM,ONE IBIS,2801,??????????????????????????????,0.25,TNE,25,BG,3,EUR,????,38.6608,31991.81,CIF,1.06E+11,?????? ????????(?????????) ?????
2566,5,WTO-23050046-23050044,34:46.2,34:46.2,17019910,4,NULL,NULL,NULL,"NISHIHARA SHOKAI CO., LTD.",JP,JAPAN,JP,JAPAN,WAN HAI 176 V.S053,2801,??????????????????????????????,0.2,TNE,10,CT,249,JPY,???,0.259753,12935.7,CFR,1.16E+11,???????? ?????? (????????) ?????
2566,2,WTO-23020012-23020011,11:12.4,11:12.4,17019910,4,NULL,NULL,NULL,"NISHIHARA SHOKAI CO., LTD.",JP,JAPAN,JP,JAPAN,TOKYO TOWER V.S024,2801,??????????????????????????????,0.2,TNE,10,CT,236,JPY,???,0.26277,12402.74,CFR,1.16E+11,???????? ?????? (????????) ?????
2565,10,WTO-22100021-22100022,46:31.0,46:31.0,17011400,3,?????? ?? ??????? ?????,NULL,NULL,"INKISM INTERNATIONAL CO., LTD",TW,TAIWAN,TW,TAIWAN,YM IMMENSE V.347S,250,????????,0.192,TNE,16,CT,35,USD,???????????,37.2338,20940.29,FOB,1.06E+11,?????? ?? ??????? ?????
2565,11,WTO-22110024-22110025,23:18.9,23:18.9,17019100,2,?????? ???????? ????? ?????,NULL,NULL,FOREVER SWEETY SUGAR TRADE COMPANY,TW,TAIWAN,TW,TAIWAN,WAN HAI 171 V.S318,250,????????,3.96,TNE,220,CT,33,USD,???????????,38.3565,278299.42,FOB,1.26E+11,?????? ???????? ????? ?????
2566,1,WTO-23010003-23010003,03:36.0,03:36.0,17011400,90,"NORTHERN FOOD COMPLEX CO.,LTD.",NULL,NULL,Gebana B.V.,NL,NETHERLANDS,PY,PARAGUAY,??????????,1190,?????????????????,0.025,TNE,1,BG,1,EUR,????,37.3611,934.03,FOB,1.06E+11,?????? ??????????? ???? ?????????? ?????
2566,6,WTO-23060059-23060057,12:00.0,12:00.0,17019910,4,NULL,NULL,NULL,"NISHIHARA SHOKAI CO., LTD.",JP,JAPAN,JP,JAPAN,WAN HAI 178 V.S016,2801,??????????????????????????????,0.2,TNE,10,CT,249,JPY,???,0.249398,12420.02,CFR,1.16E+11,???????? ?????? (????????) ?????
2565,11,WTO-22110028-22110028,42:06.0,42:06.0,17019990,90,NULL,NULL,NULL,SUVCHEM,IN,INDIA,IN,INDIA,5.50E+11,1190,?????????????????,0.05,TNE,1,DR,5,USD,???????????,36.853,9213.25,EX-WORKS,1.06E+11,?????? ???????? ???????? ?????
2566,2,WTO-23020014-23020012,10:12.3,10:12.3,17019910,3,NULL,NULL,NULL,Merck Life Science KGaA,DE,GERMANY,DE,GERMANY,TG921,1190,?????????????????,0.00025,TNE,1,C62,981,THB,???,1,980.52,CPT,1.06E+11,?????? ?????? ?????
2566,8,WTO-23080076-23080072,20:00.8,20:00.8,17019910,3,NULL,NULL,NULL,Sigma Aldrich Chemie GmbH,DE,GERMANY,US,U.S.A.,LH8088,1190,?????????????????,0.001,TNE,1,C62,737,THB,???,1,736.85,EXW,1.06E+11,?????? ?????? ?????
2566,9,WTO-23090089-23090087,41:24.4,41:24.4,17019910,3,NULL,NULL,NULL,Sigma Aldrich Chemie GmbH,DE,GERMANY,CH,SWITZERLAND,TK1588,1190,?????????????????,0.001,TNE,1,C62,247,THB,???,1,246.92,EXW,1.06E+11,?????? ?????? ?????
2566,3,WTO-23030027-23030026,04:59.9,04:59.9,17011400,3,NULL,NULL,NULL,"INKISM INTERNATIONAL CO., LTD",TW,TAIWAN,TW,TAIWAN,WAN HAI 171 V.S321,119,?????????????? ???.,0.072,TNE,6,CT,35,USD,???????????,34.9984,7381.16,FOB,1.06E+11,?????? ?? ??????? ?????
2567,2,WTO-24020014-24020013,03:08.9,03:08.9,17019910,3,NULL,NULL,NULL,Sigma Aldrich Chemie GmbH,DE,GERMANY,US,U.S.A.,LH8020,1190,?????????????????,0.001,TNE,2,C62,2100,THB,???,1,4199.86,EXW,1.06E+11,?????? ?????? ?????
2566,11,WTO-23110130-23110128,54:30.5,54:30.5,17019910,3,NULL,NULL,NULL,Sigma Aldrich Chemie GmbH,DE,GERMANY,US,U.S.A.,LH8020,1190,?????????????????,0.0005,TNE,1,C62,572,THB,???,1,571.62,EXW,1.06E+11,?????? ?????? ?????
2566,10,WTO-23100108-23100105,25:09.5,25:09.5,17011300,0,NULL,NULL,NULL,PRV ENTERPRISES ,IN,INDIA,IN,INDIA,CCNI ANGOL,2801,??????????????????????????????,0.25,TNE,250,KGM,1,USD,???????????,36.0952,8482.37,C&F,2.16E+11,?????? ????? ?????? ?????
2566,8,WTO-23080083-23080078,41:07.8,41:07.8,17019910,3,NULL,NULL,NULL,Sigma Aldrich Chemie GmbH,DE,GERMANY,US,U.S.A.,LH8088,1190,?????????????????,0.005,TNE,1,C62,3341,THB,???,1,3341.24,EXW,1.06E+11,?????? ?????? ?????
2567,2,WTO-24020010-24020009,17:43.9,17:43.9,17019910,3,NULL,NULL,NULL,Sigma Aldrich Chemie GmbH,DE,GERMANY,CH,SWITZERLAND,LH8020,1190,?????????????????,0.00025,TNE,1,C62,1506,THB,???,1,1505.59,EXW,1.06E+11,?????? ?????? ?????
2566,9,WTO-23090097-23090096,56:26.4,56:26.4,17019910,3,NULL,NULL,NULL,Sigma Aldrich Chemie GmbH,DE,GERMANY,DE,GERMANY,TK068,1190,?????????????????,0.001,TNE,4,C62,731,THB,???,1,2924.96,EXW,1.06E+11,?????? ?????? ?????
2566,2,WTO-23020013-23020014,24:48.6,24:48.6,17019990,1,NULL,NULL,NULL,PURATOS NV,BE,BELGIUM,BE,BELGIUM,MEISHAN BRIDGE,2801,??????????????????????????????,0.1,TNE,10,BG,3,EUR,????,36.0051,11701.66,CIF,1.06E+11,?????? ????????(?????????) ?????
2566,7,WTO-23070065-23070063,55:33.2,55:33.2,17019100,2,MCCORMICK (THAILAND) LTD,NULL,NULL,"McCormick & Co., Incorporated",US,U.S.A.,US,U.S.A.,????,2801,??????????????????????????????,0.07308,TNE,73.08,KGM,5,USD,???????????,34.9423,12906.04,CIF,1.06E+11,?????? ??????????? (?????????) ?????
2566,3,WTO-23030025-23030023,26:56.0,26:56.0,17019990,2,NULL,NULL,NULL,4WD VISION EUROPE B.V.,NL,NETHERLANDS,PY,PARAGUAY,THALASSA HELLAS,2801,??????????????????????????????,0.25,TNE,250,KGM,6,EUR,????,37.0678,58474.45,CFR,1.08E+11,?????? ??? ????? ?? ????????????????? ????????????? ????? (?????)
2566,3,WTO-23030034-23030032,36:41.9,36:41.9,17011200,0,"SWEET DAILY CO., LTD.",NULL,NULL,CANAL SUGAR COMPANY,EG,EGYPT,EG,EGYPT,STADT DRESDEN 058W,6002,???????????????????? (????) (??.4),250,TNE,5000,BG,1,USD,???????????,34.37,7217700,C&F,9.06E+11,?????? ???? ????? ?????
2566,12,WTO-23120140-23120137,41:15.5,00:00.0,17019910,3,NULL,NULL,NULL,Merck Life Science KGaA,DE,GERMANY,DE,GERMANY,QR836,1190,?????????????????,0.018,TNE,18,C62,1191,THB,???,1,21442.68,CPT,1.06E+11,?????? ?????? ?????
2566,2,WTO-23020022-23020019,48:11.8,48:11.8,17019910,3,NULL,NULL,NULL,Merck Life Science KGaA,DE,GERMANY,DE,GERMANY,LH8086,1190,?????????????????,0.002,TNE,2,C62,1026,THB,???,1,2051.9,CPT,1.06E+11,?????? ?????? ?????
2566,11,WTO-23110123-23110119,17:16.7,17:16.7,17019910,4,NULL,NULL,NULL,"SHORAI CO.,LTD.",JP,JAPAN,JP,JAPAN,WAN HAI 272,122,TERMINAL 2 (???.),2,TNE,100,CT,5175,JPY,???,0.246236,127427.13,CIF,1.06E+11,?.????-??? ??????? ??????? ?????
2566,3,WTO-23030028-23030028,31:56.4,31:56.4,17019990,1,NULL,NULL,NULL,PURATOS NV,BE,BELGIUM,BE,BELGIUM,YM WREATH,2801,??????????????????????????????,0.15,TNE,15,BG,3,EUR,????,37.0678,18070.55,CIF,1.06E+11,?????? ????????(?????????) ?????
2566,9,WTO-23090092-23090090,34:41.2,34:41.2,17019910,3,NULL,NULL,NULL,Merck Life Science KGaA,DE,GERMANY,DE,GERMANY,LH772,1190,?????????????????,0.005,TNE,1,C62,1671,THB,???,1,1670.93,CPT,1.06E+11,?????? ?????? ?????
2566,11,WTO-23110132-23110127,53:27.7,53:27.7,17019910,3,NULL,NULL,NULL,Sigma Aldrich Chemie GmbH,DE,GERMANY,US,U.S.A.,LH8020,1190,?????????????????,1.00E-06,TNE,1,C62,1086,THB,???,1,1085.85,EXW,1.06E+11,?????? ?????? ?????
2567,1,WTO-24010003-24010003,57:11.0,57:11.0,17019100,2,NULL,NULL,NULL,GARRETT LICENSING LLC SHOPS,US,U.S.A.,US,U.S.A.,ONE IBIS V.31W,2801,??????????????????????????????,19.278,TNE,850,BG,27,USD,???????????,35.0557,790523.56,EX-WORKS,1.06E+11,?????? ????????????? (?????????) ?????
2567,1,WTO-24010005-24010008,19:48.0,19:48.0,17019910,3,NULL,NULL,NULL,Sigma Aldrich Chemie GmbH,DE,GERMANY,US,U.S.A.,LH8020,1190,?????????????????,4.00E-06,TNE,4,C62,1086,THB,???,1,4343.4,EXW,1.06E+11,?????? ?????? ?????
2566,10,WTO-23100107-23100103,40:01.1,40:01.1,17019910,3,NULL,NULL,NULL,Merck Life Science KGaA,DE,GERMANY,DE,GERMANY,QR836,1190,?????????????????,0.00025,TNE,1,C62,1407,THB,???,1,1406.52,CPT,1.06E+11,?????? ?????? ?????
2566,4,WTO-23040045-23040043,18:50.6,18:50.6,17019910,3,NULL,NULL,NULL,Merck Life Science KGaA,DE,GERMANY,DE,GERMANY,TG923,1190,?????????????????,0.001,TNE,1,C62,1026,THB,???,1,1025.95,CPT,1.06E+11,?????? ?????? ?????
2567,2,WTO-24020011-24020011,39:49.0,39:49.0,17019910,4,NULL,NULL,NULL,"NISHIHARA SHOKAI CO., LTD.",JP,JAPAN,JP,JAPAN,WAN HAI 278 V.S022,2801,??????????????????????????????,0.2,TNE,10,CT,262,JPY,???,0.244025,12786.91,CFR,1.16E+11,???????? ?????? (????????) ?????
2565,9,WTO-22090004-22090006,11:30.1,11:30.1,17019910,3,NULL,NULL,NULL,Merck KGaA,DE,GERMANY,DE,GERMANY,TG927,1190,?????????????????????,0.005,TNE,1,C62,2428,THB,???,1,2427.72,CPT,1.06E+11,?????? ?????? ?????
2566,9,WTO-23090088-23090088,42:20.9,42:20.9,17019910,3,NULL,NULL,NULL,Sigma Aldrich Chemie GmbH,DE,GERMANY,US,U.S.A.,TK1588,1190,?????????????????,1.00E-06,TNE,1,C62,586,THB,???,1,585.51,EXW,1.06E+11,?????? ?????? ?????
2566,11,WTO-23110120-23110117,51:37.9,51:37.9,17019910,3,NULL,NULL,NULL,Sigma Aldrich Chemie GmbH,DE,GERMANY,US,U.S.A.,LH104,1190,?????????????????,0.0005,TNE,1,C62,572,THB,???,1,571.62,EXW,1.06E+11,?????? ?????? ?????
2566,7,WTO-23070062-23070060,55:01.4,55:01.4,17019100,2,MCCORMICK (THAILAND) LTD,NULL,NULL,"McCormick & Co., Incorporated",US,U.S.A.,US,U.S.A.,??????????,1190,?????????????????,0.0261,TNE,26.1,KGM,8,USD,???????????,34.9423,7084.27,CIF,1.06E+11,?????? ??????????? (?????????) ?????
2566,11,WTO-23110118-23110115,48:00.5,48:00.5,17019910,3,NULL,NULL,NULL,Sigma Aldrich Chemie GmbH,DE,GERMANY,CH,SWITZERLAND,LH104,1190,?????????????????,0.0025,TNE,10,C62,494,THB,???,1,4938.5,EXW,1.06E+11,?????? ?????? ?????
2566,12,WTO-23120136-23120131,41:50.0,00:00.0,17019910,3,NULL,NULL,NULL,Sigma Aldrich Chemie GmbH,DE,GERMANY,US,U.S.A.,OS025,1190,?????????????????,1.00E-06,TNE,1,C62,1086,THB,???,1,1085.85,EXW,1.06E+11,?????? ?????? ?????
2566,8,WTO-23080084-23080077,39:22.0,39:22.0,17019910,3,NULL,NULL,NULL,Sigma Aldrich Chemie GmbH,DE,GERMANY,CH,SWITZERLAND,LH8088,1190,?????????????????,0.001,TNE,1,C62,1182,THB,???,1,1182.39,EXW,1.06E+11,?????? ?????? ?????
2565,12,WTO-22120043-22120043,52:28.9,00:00.0,17019100,2,NULL,NULL,NULL,GARRETT LICENSING LLC SHOPS,US,U.S.A.,US,U.S.A.,CNC SATURN,2801,??????????????????????????????,19.277,TNE,850,BG,24,USD,???????????,36.1751,744736.78,EX-WORKS,1.06E+11,?????? ????????????? (?????????) ?????
2566,4,WTO-23040040-23040039,47:17.2,47:17.2,17019100,1,NULL,NULL,NULL,SWEET HOME CANDIED PRODUCTS SDN BHD,MY,MALAYSIA,MY,MALAYSIA,ASIATIC BAY V.N098,119,?????????????? ???.,5,TNE,250,BG,46,USD,???????????,34.377,397054.35,CIF,1.05E+11,??????????? ??? ????????? ?????
2565,12,WTO-22120036-22120036,14:10.0,00:00.0,17019990,90,NULL,NULL,NULL,COUPLET SUGAR SA,BE,BELGIUM,BE,BELGIUM,TRURUS,2801,??????????????????????????????,21.6,TNE,21600,KGM,2,EUR,????,37.5334,1256618.23,CIP,1.06E+11,?????? ????????? ????? (????????) ?????
2567,1,WTO-24010001-24010001,33:05.7,33:05.7,17019100,1,NULL,NULL,NULL,SWEET HOME CANDIED PRODUCTS SDN BHD,MY,MALAYSIA,MY,MALAYSIA,YM COOPERATION /V.028N,119,?????????????? ???.,3,TNE,150,BG,46,USD,???????????,35.3284,244825.81,CIF,1.05E+11,??????????? ??? ????????? ?????
2566,1,WTO-23010005-23010004,19:56.1,19:56.1,17019910,3,NULL,NULL,NULL,Merck Life Science KGaA,DE,GERMANY,DE,GERMANY,TG921,1190,?????????????????,0.04,TNE,40,C62,1667,THB,???,1,66664.4,CPT,1.06E+11,?????? ?????? ?????
2565,9,JTP-22090001-22090001,35:57.7,35:57.7,17019910,3,NMB MINEBEA THAI LTD.,NULL,NULL,"Nabelin Co.,Ltd.",JP,JAPAN,JP,JAPAN,BEETHOVEN V.053S,2801,????????/?????????/????????,0.0005,TNE,1,BO,3055,JPY,???,0.2669,815.24,CIF,1.06E+11,?????? ??????? (?????????) ?????
2566,8,WTO-23080086-23080084,01:42.0,01:42.0,17019100,2,NULL,NULL,NULL,"SHORAI CO.,LTD.",JP,JAPAN,JP,JAPAN,WAN HAI 277,122,TERMINAL 2 (???.),0.2,TNE,10,CT,6429,JPY,???,0.24824,15959.35,CIF,1.06E+11,?.????-??? ??????? ??????? ?????
2565,10,WTO-22100018-22100020,20:30.5,20:30.5,17019910,3,NULL,NULL,NULL,Merck KGaA,DE,GERMANY,DE,GERMANY,TG927,1190,?????????????????????,0.01,TNE,2,C62,2428,THB,???,1,4855.44,CPT,1.06E+11,?????? ?????? ?????
2566,11,WTO-23110128-23110126,52:14.9,52:14.9,17019910,3,NULL,NULL,NULL,Sigma Aldrich Chemie GmbH,DE,GERMANY,CH,SWITZERLAND,LH8020,1190,?????????????????,0.0005,TNE,1,C62,2777,THB,???,1,2777.25,EXW,1.06E+11,?????? ?????? ?????
2566,11,WTO-23110129-23110125,22:32.2,22:32.2,17019910,3,NULL,NULL,NULL,Sigma Aldrich Chemie GmbH,DE,GERMANY,CH,SWITZERLAND,LH8020,1190,?????????????????,0.0005,TNE,1,C62,2777,THB,???,1,2777.25,EXW,1.06E+11,?????? ?????? ?????
2565,10,WTO-22100014-22100014,16:23.4,16:23.4,17019910,3,NULL,NULL,NULL,Merck KGaA,DE,GERMANY,DE,GERMANY,QR0836,1190,?????????????????????,0.006,TNE,6,C62,1162,THB,???,1,6974.52,CPT,1.06E+11,?????? ?????? ?????
2566,10,WTO-23100112-23100109,00:44.7,00:44.7,17019910,3,NULL,NULL,NULL,Merck Life Science KGaA,DE,GERMANY,DE,GERMANY,QY777,1190,?????????????????,0.006,TNE,6,C62,1446,THB,???,1,8673.42,CPT,1.06E+11,?????? ?????? ?????
2566,9,WTO-23090091-23090089,42:57.5,42:57.5,17019910,3,NULL,NULL,NULL,Sigma Aldrich Chemie GmbH,DE,GERMANY,US,U.S.A.,TK1588,1190,?????????????????,1.00E-06,TNE,1,C62,586,THB,???,1,585.51,EXW,1.06E+11,?????? ?????? ?????
2565,11,WTO-22110027-22110027,30:07.8,30:07.8,17019910,4,NULL,NULL,NULL,"SHORAI CO.,LTD.",JP,JAPAN,JP,JAPAN,TS SHENZHEN 2202 2S,122,TERMINAL 2 (???.),1,TNE,50,CT,4400,JPY,???,0.259015,56983.3,CIF,1.06E+11,?.????-??? ??????? ??????? ?????
2567,2,WTO-24020012-24020012,37:14.4,37:14.4,17019990,1,NULL,NULL,NULL,PURATOS NV,BE,BELGIUM,BE,BELGIUM,ANTWERPEN,2801,??????????????????????????????,0.07,TNE,7,BG,3,EUR,????,39.1223,9092.02,CIF,1.06E+11,?????? ????????(?????????) ?????
2566,2,WTO-23020020-23020018,46:23.4,46:23.4,17019910,4,NULL,NULL,NULL,"NISHIHARA SHOKAI CO., LTD.",JP,JAPAN,JP,JAPAN,WAN HAI V.S008,2801,??????????????????????????????,0.2,TNE,10,CT,236,JPY,???,0.258107,12182.65,CFR,1.16E+11,???????? ?????? (????????) ?????
2566,8,WTO-23080071-23080070,07:22.2,07:22.2,17019990,1,NULL,NULL,NULL,PURATOS NV,BE,BELGIUM,BE,BELGIUM,ONE IBIS,2801,??????????????????????????????,0.01,TNE,1,BG,3,EUR,????,38.6319,1255.54,CIF,1.06E+11,?????? ????????(?????????) ?????
2565,10,WTO-22100020-22100020,19:03.4,19:03.4,17019910,3,NULL,NULL,NULL,Merck KGaA,DE,GERMANY,DE,GERMANY,TG927,1190,?????????????????????,0.02,TNE,20,C62,1162,THB,???,1,23248.4,CPT,1.06E+11,?????? ?????? ?????
2566,8,WTO-23080074-23080073,20:53.0,20:53.0,17019910,3,NULL,NULL,NULL,Sigma Aldrich Chemie GmbH,DE,GERMANY,CH,SWITZERLAND,LH8088,1190,?????????????????,0.00025,TNE,1,C62,494,THB,???,1,493.85,EXW,1.06E+11,?????? ?????? ?????
2565,9,WTO-22090001-22090001,39:50.0,39:50.0,17019910,4,?????? ?????? ???????????? ?????,NULL,NULL,Backaldrin International The Kornspitz Company Gmbh,DE,GERMANY,BE,BELGIUM,Ever Gifted 015 E,2801,???????????????,0.15,TNE,150,KGM,2,EUR,????,36.3918,13646.93,CFR,1.06E+11,?????? ?????? ???????????? ????? 
2566,1,WTO-23010002-23010002,24:04.6,24:04.6,17019100,1,NULL,NULL,NULL,SWEET HOME CANDIED PRODUCTS SDN BHD,MY,MALAYSIA,MY,MALAYSIA,ASIATIC BAY V.N089,119,?????????????? ???.,5,TNE,250,BG,46,USD,???????????,34.9984,404231.52,CIF,1.05E+11,??????????? ??? ????????? ?????
2566,9,WTO-23090098-23090097,57:15.6,57:15.6,17019910,3,NULL,NULL,NULL,Sigma Aldrich Chemie GmbH,DE,GERMANY,CH,SWITZERLAND,TK068,1190,?????????????????,0.00025,TNE,1,C62,1882,THB,???,1,1881.99,EXW,1.06E+11,?????? ?????? ?????
2567,1,WTO-24010006-24010004,15:54.9,15:54.9,17019910,3,NULL,NULL,NULL,Sigma Aldrich Chemie GmbH,DE,GERMANY,US,U.S.A.,LH8020,1190,?????????????????,2.00E-06,TNE,2,C62,1086,THB,???,1,2171.7,EXW,1.06E+11,?????? ?????? ?????
2565,12,WTO-22120038-22120039,43:39.7,00:00.0,17019910,3,NULL,NULL,NULL,Merck KGaA,DE,GERMANY,DE,GERMANY,TG921,1190,?????????????????,0.003,TNE,3,C62,998,THB,???,1,2993.79,CPT,1.06E+11,?????? ?????? ?????
2566,6,WTO-23060061-23060059,33:23.4,33:23.4,17019910,3,NULL,NULL,NULL,Merck Life Science KGaA,DE,GERMANY,DE,GERMANY,QR834,1190,?????????????????,0.001,TNE,1,C62,6466,THB,???,1,6466.37,CPT,1.06E+11,?????? ?????? ?????
2566,11,WTO-23110127-23110124,43:03.3,43:03.3,17019100,2,MCCORMICK (THAILAND) LTD,NULL,NULL,"McCormick & Co., Incorporated",US,U.S.A.,US,U.S.A.,????,2801,??????????????????????????????,0.1044,TNE,104.4,KGM,5,USD,???????????,36.511,20288.26,C&F,1.06E+11,?????? ??????????? (?????????) ?????
2566,3,WTO-23030032-23030031,42:41.3,42:41.3,17019990,1,?????? ????????(?????????) ?????,NULL,NULL,PURATOS NV,BE,BELGIUM,BE,BELGIUM,YM WREATH,2801,??????????????????????????????,0.72,TNE,72,BG,2,EUR,????,37.0678,49641.2,CIF,1.06E+11,?????? ????????(?????????) ?????
2566,4,WTO-23040044-23040042,17:03.8,17:03.8,17019910,3,NULL,NULL,NULL,Merck Life Science KGaA,DE,GERMANY,DE,GERMANY,TG923,1190,?????????????????,0.001,TNE,1,C62,1026,THB,???,1,1025.95,CPT,1.06E+11,?????? ?????? ?????
2566,10,WTO-23100105-23100102,53:50.4,53:50.4,17019910,3,NULL,NULL,NULL,Sigma Aldrich Chemie GmbH,DE,GERMANY,CH,SWITZERLAND,TK068,1190,?????????????????,0.001,TNE,1,C62,1498,THB,???,1,1497.78,EXW,1.06E+11,?????? ?????? ?????
2566,5,WTO-23050050-23050048,18:51.3,18:51.3,17019100,1,NULL,NULL,NULL,SWEET HOME CANDIED PRODUCTS SDN BHD,MY,MALAYSIA,MY,MALAYSIA,ASIATIC BAY V.N103,119,?????????????? ???.,5,TNE,250,BG,46,USD,???????????,34.5382,398916.21,CIF,1.05E+11,??????????? ??? ????????? ?????
2566,6,WTO-23060053-23060051,49:27.5,49:27.5,17019910,4,NULL,NULL,NULL,"NISHIHARA SHOKAI CO., LTD.",JP,JAPAN,JP,JAPAN,WAN HAI 178 V.S015,2801,??????????????????????????????,0.2,TNE,10,CT,4980,JPY,???,0.25311,12604.88,CFR,1.16E+11,???????? ?????? (????????) ?????
2566,8,WTO-23080069-23080067,42:37.0,42:37.0,17019910,2,NULL,NULL,NULL,JELLY BELLY CANDY COMPANY,US,U.S.A.,US,U.S.A.,INTELLIGENT PURSUIT V.0LK5OS1NC,110,????????????????????(?.???????) ???.,13.267713,TNE,585,BG,32,USD,???????????,34.3849,649719.88,FOB,2.16E+11,?????? ????? ????? ?????? ??????? (?????????) ?????
2566,9,WTO-23090093-23090091,35:26.9,35:26.9,17019910,3,NULL,NULL,NULL,Merck Life Science KGaA,DE,GERMANY,DE,GERMANY,LH772,1190,?????????????????,0.0005,TNE,2,C62,1407,THB,???,1,2813.04,CPT,1.06E+11,?????? ?????? ?????
2566,10,WTO-23100110-23100107,57:19.5,57:19.5,17011300,0,NULL,NULL,NULL,PRV ENTERPRISES ,IN,INDIA,IN,INDIA,CCNI ANGOL,2801,??????????????????????????????,0.1,TNE,100,KGM,1,USD,???????????,36.0952,3212.47,C&F,2.16E+11,?????? ????? ?????? ?????
2566,5,WTO-23050047-23050045,56:06.8,56:06.8,17019100,1,NULL,NULL,NULL,SWEET HOME CANDIED PRODUCTS SDN BHD,MY,MALAYSIA,MY,MALAYSIA,ASIATIC BAY /V.N101,119,?????????????? ???.,5,TNE,250,BG,46,USD,???????????,34.5382,398916.21,CIF,1.05E+11,??????????? ??? ????????? ?????
2565,10,WTO-22100019-22100020,19:33.9,19:33.9,17019910,3,NULL,NULL,NULL,Merck KGaA,DE,GERMANY,DE,GERMANY,TG927,1190,?????????????????????,0.006,TNE,6,C62,1162,THB,???,1,6974.52,CPT,1.06E+11,?????? ?????? ?????
2566,3,WTO-23030036-23030033,21:10.5,21:10.5,17019910,3,NULL,NULL,NULL,Merck Life Science KGaA,DE,GERMANY,DE,GERMANY,LX180,1190,?????????????????,0.003,TNE,3,C62,1026,THB,???,1,3077.85,CPT,1.06E+11,?????? ?????? ?????
2566,1,WTO-23010007-23010006,54:58.5,54:58.5,17019910,3,NULL,NULL,NULL,Merck Life Science KGaA,DE,GERMANY,DE,GERMANY,LX180,1190,?????????????????,0.002,TNE,2,C62,998,THB,???,1,1995.86,CPT,1.06E+11,?????? ?????? ?????
2566,10,WTO-23100116-23100112,26:26.8,26:26.8,17019910,3,NULL,NULL,NULL,Sigma Aldrich Chemie GmbH,DE,GERMANY,CH,SWITZERLAND,TK058,1190,?????????????????,0.00025,TNE,1,C62,494,THB,???,1,493.85,EXW,1.06E+11,?????? ?????? ?????
2566,11,WTO-23110119-23110116,50:01.0,50:01.0,17019910,3,NULL,NULL,NULL,Sigma Aldrich Chemie GmbH,DE,GERMANY,CH,SWITZERLAND,LH104,1190,?????????????????,0.001,TNE,1,C62,1498,THB,???,1,1497.78,EXW,1.06E+11,?????? ?????? ?????
2566,10,WTO-23100106-23100104,40:27.7,40:27.7,17019910,3,NULL,NULL,NULL,Merck Life Science KGaA,DE,GERMANY,DE,GERMANY,QR836,1190,?????????????????,0.006,TNE,6,C62,1446,THB,???,1,8673.42,CPT,1.06E+11,?????? ?????? ?????
2565,12,WTO-22120039-22120038,43:25.2,00:00.0,17019910,3,NULL,NULL,NULL,Merck KGaA,DE,GERMANY,DE,GERMANY,TG921,1190,?????????????????,0.002,TNE,2,C62,998,THB,???,1,1995.86,CPT,1.06E+11,?????? ?????? ?????
2565,10,WTO-22100013-22100014,16:50.2,16:50.2,17019910,3,NULL,NULL,NULL,Merck KGaA,DE,GERMANY,DE,GERMANY,QR0836,1190,?????????????????????,0.003,TNE,3,C62,1162,THB,???,1,3487.26,CPT,1.06E+11,?????? ?????? ?????
2566,8,WTO-23080070-23080068,56:50.2,56:50.2,17019100,2,MCCORMICK (THAILAND) LTD,NULL,NULL,"McCormick & Co., Incorporated",US,U.S.A.,US,U.S.A.,????,2801,??????????????????????????????,0.03132,TNE,31.32,KGM,6,USD,???????????,34.3849,6172.1,CIF,1.06E+11,?????? ??????????? (?????????) ?????
2566,9,WTO-23090100-23090098,48:33.9,48:33.9,17019990,90,NULL,NULL,NULL,Couplet Sugars SA,BE,BELGIUM,BE,BELGIUM,ONE MANHATTAN /034E,2801,??????????????????????????????,21.6,TNE,21600,KGM,2,EUR,????,38.5591,1355737.95,CIP,1.06E+11,?????? ????????? ????? (????????) ?????
2566,11,WTO-23110133-23110130,45:20.4,45:20.4,17019100,1,NULL,NULL,NULL,SWEET HOME CANDIED PRODUCTS SDN BHD,MY,MALAYSIA,MY,MALAYSIA,INESSA / V.038N,119,?????????????? ???.,1,TNE,50,BG,46,USD,???????????,36.511,84340.41,CIF,1.05E+11,??????????? ??? ????????? ?????
2567,1,WTO-24010008-24010005,17:13.3,17:13.3,17019910,3,NULL,NULL,NULL,Sigma Aldrich Chemie GmbH,DE,GERMANY,CH,SWITZERLAND,LH8020,1190,?????????????????,0.00025,TNE,1,C62,1506,THB,???,1,1505.59,EXW,1.06E+11,?????? ?????? ?????
2566,8,WTO-23080073-23080074,21:27.1,21:27.1,17019910,3,NULL,NULL,NULL,Sigma Aldrich Chemie GmbH,DE,GERMANY,CH,SWITZERLAND,LH8088,1190,?????????????????,0.001,TNE,1,C62,4550,THB,???,1,4550.41,EXW,1.06E+11,?????? ?????? ?????
2565,10,WTO-22100016-22100016,22:54.2,22:54.2,17019100,2,NULL,NULL,NULL,"SHORAI CO.,LTD.",JP,JAPAN,JP,JAPAN,WAN HAI 271,250,????????,0.2,TNE,10,CT,5932,JPY,???,0.2618,15527.07,CIF,1.06E+11,?.????-??? ??????? ??????? ?????
2566,7,WTO-23070066-23070066,26:49.7,26:49.7,17019990,1,NULL,NULL,NULL,PURATOS NV,BE,BELGIUM,BE,BELGIUM,ONE MILLAU,2801,??????????????????????????????,0.19,TNE,19,BG,3,EUR,????,38.4015,23712.93,CIF,1.06E+11,?????? ????????(?????????) ?????
2567,1,WTO-24010007-24010006,18:30.9,18:30.9,17019910,3,NULL,NULL,NULL,Sigma Aldrich Chemie GmbH,DE,GERMANY,CH,SWITZERLAND,LH8020,1190,?????????????????,0.001,TNE,1,C62,2193,THB,???,1,2192.84,EXW,1.06E+11,?????? ?????? ?????
2566,7,WTO-23070063-23070061,46:09.3,46:09.3,17019910,3,NULL,NULL,NULL,Merck Life Science KGaA,DE,GERMANY,DE,GERMANY,TG923,1190,?????????????????,0.00025,TNE,1,C62,1172,THB,???,1,1172.1,CPT,1.06E+11,?????? ?????? ?????
2566,8,WTO-23080079-23080082,43:56.7,43:56.7,17019910,3,NULL,NULL,NULL,Sigma Aldrich Chemie GmbH,DE,GERMANY,CH,SWITZERLAND,LH8088,1190,?????????????????,0.001,TNE,1,C62,247,THB,???,1,246.92,EXW,1.06E+11,?????? ?????? ?????
2566,7,WTO-23070067-23070065,24:15.8,24:15.8,17019100,2,?????? ???????? ????? ?????,NULL,NULL,FOREVER SWEETY SUGAR TRADE COMPANY,TW,TAIWAN,TW,TAIWAN,YM INITIATIVE V.313S,119,?????????????? ???.,3.96,TNE,220,CT,33,USD,???????????,34.9423,253511.98,FOB,1.26E+11,?????? ???????? ????? ?????
2565,12,WTO-22120035-22120035,14:10.8,00:00.0,17019100,2,NULL,NULL,NULL,"SHORAI CO.,LTD.",JP,JAPAN,JP,JAPAN,TS SHENZHEN,121,TERMINAL 1 (???.),0.1,TNE,5,CT,5932,JPY,???,0.259813,7706.05,CIF,1.06E+11,?.????-??? ??????? ??????? ?????
2566,3,WTO-23030031-23030030,13:39.1,13:39.1,17019100,2,NULL,NULL,NULL,GARRETT LICENSING LLC SHOPS,US,U.S.A.,US,U.S.A.,MOL  SPARKLE V.1157S,2801,??????????????????????????????,19.278,TNE,850,BG,27,USD,???????????,34.5104,778226.78,EX-WORK,1.06E+11,?????? ????????????? (?????????) ?????
2565,9,WTO-22090003-22090003,41:54.5,41:54.5,17019910,4,"IMANAKA (THAILAND) CO., LTD.",NULL,NULL,THANH THANH CONG - BIEN HOA JOINT STOCK COMPANY ,VN,VIETNAM,VN,VIETNAM,APOLLON D/02235W,2801,???????????????,40,TNE,40,BG,692,USD,???????????,36.0746,998544928,C&F,1.06E+11,???????? (????????) ????? 
2566,12,WTO-23120141-23120138,50:41.4,00:00.0,17019910,3,NULL,NULL,NULL,Sigma Aldrich Chemie GmbH,DE,GERMANY,US,U.S.A.,OS025,1190,?????????????????,1.00E-06,TNE,1,C62,1086,THB,???,1,1085.85,EXW,1.06E+11,?????? ?????? ?????
2566,6,JTP-23060001-23060001,10:15.7,10:15.7,17011200,0,?????? ?????? ????? ?????,NULL,NULL,"Aomori Trading Co., Ltd.",JP,JAPAN,JP,JAPAN,????,119,?????????????? ???.,0.06,TNE,60,BG,330,JPY,???,0.25311,5011.58,C&F,1.06E+11,?????? ?????? ????? ?????
2566,6,WTO-23060056-23060053,26:50.9,26:50.9,17019910,3,NULL,NULL,NULL,Sigma Aldrich Chemie GmbH,DE,GERMANY,CH,SWITZERLAND,OS0025,1190,?????????????????,0.001,TNE,1,C62,4550,THB,???,1,4550.41,EXW,1.06E+11,?????? ?????? ?????
2566,1,WTO-23010008-23010007,55:27.0,55:27.0,17019910,3,NULL,NULL,NULL,Merck Life Science KGaA,DE,GERMANY,DE,GERMANY,LX180,1190,?????????????????,0.04,TNE,40,C62,1667,THB,???,1,66664.4,CPT,1.06E+11,?????? ?????? ?????
